{"error":0,"message":"请求成功","content":{"video_id":304706,"title":"推特网红学生妹冉冉学姐长腿车模惨遭猥亵蹂躏","duration":1151,"post_date":"2025-11-17 18:58","resolution_type":1,"is_private":0,"file_dimensions":"1280x720","screen_main":4,"img_opt":2,"is_limit_over":1,"tags":[{"tag_id":69,"tag":"车模"},{"tag_id":1547,"tag":"学生"},{"tag_id":2547,"tag":"长腿"}],"categories":[{"category_id":1,"title":"国产自拍"}],"video_viewed":23,"favourites_count":0,"good_count":0,"status_id":1,"vip_expire":0,"is_hd":1,"video_url":"","can_good":0,"favInfo":{"add_flag":0,"add_just":0,"playlists":[],"is_good":0,"good_count":0,"favourites_count":0},"ads":[]}}