{"error":0,"message":"请求成功","content":{"list_hot":{"total":271210,"per_page":12,"current_page":1,"last_page":22601,"data":[{"video_id":148182,"title":"按摩店小粉灯 (2)","duration":5016,"video_viewed":21722,"resolution_type":0,"is_private":0,"screen_main":2,"img_opt":2,"is_hd":0},{"video_id":260882,"title":"九月最新流出大神潜入某大学舞蹈教学楼厕所手持偷拍舞蹈生换衣服尿尿第2期差点和脱光衣服抠鼻的学妹打照面","duration":423,"video_viewed":11961,"resolution_type":1,"is_private":0,"screen_main":2,"img_opt":2,"is_hd":1},{"video_id":304708,"title":"最近约的模特公司的小姐姐身材不错","duration":1192,"video_viewed":35,"resolution_type":0,"is_private":0,"screen_main":3,"img_opt":2,"is_hd":0},{"video_id":165213,"title":"【酒店偷拍】情侣开房操逼，吃饱喝足开操，精油推背按摩，双腿肩上扛爆操，翘屁股猛顶","duration":3916,"video_viewed":16014,"resolution_type":1,"is_private":0,"screen_main":2,"img_opt":2,"is_hd":1},{"video_id":49077,"title":"【千人斩探花】涉世未深大学生，蜜桃臀大长腿粉鲍鱼，小陈头大显神威，颠鸾倒凤激情四射","duration":3048,"video_viewed":39850,"resolution_type":1,"is_private":0,"screen_main":6,"img_opt":2,"is_hd":1},{"video_id":290748,"title":"【乐乐崽】 在校学生妹超级大巨乳~天下第一大奶~夹奶头~感觉要爆炸了！(1)","duration":2439,"video_viewed":4765,"resolution_type":1,"is_private":0,"screen_main":1,"img_opt":2,"is_hd":1},{"video_id":49089,"title":"千人斩探花约了个高颜值白裙性感妹子，口交插嘴特写摸逼上位骑乘抽插猛操","duration":3049,"video_viewed":23012,"resolution_type":0,"is_private":0,"screen_main":2,"img_opt":2,"is_hd":0},{"video_id":303669,"title":"民宿酒店 流出偷拍极品甜美少女超配合穿上情趣JK和小胖啪啪干了两次","duration":7804,"video_viewed":1086,"resolution_type":1,"is_private":0,"screen_main":4,"img_opt":2,"is_hd":1},{"video_id":305481,"title":"大学城民宿 极品长视频推荐 小哥的加藤鹰手指 女友的口交丝袜 经典画面太多 截图截不过来 (3)","duration":3594,"video_viewed":267,"resolution_type":1,"is_private":0,"screen_main":4,"img_opt":2,"is_hd":1},{"video_id":292287,"title":"【龟仙人探花】酒店约操性感骚人妻️ 深喉口技侍奉 疯狂打桩暴躁 多姿势迎合淫叫连连","duration":1774,"video_viewed":2287,"resolution_type":1,"is_private":0,"screen_main":1,"img_opt":2,"is_hd":1},{"video_id":305561,"title":"大学城民宿 长得很不错的美女换上格子裙主动到男人身上被操 看视频应该还有第二个女人 但没加入 遗憾 (2)","duration":3591,"video_viewed":230,"resolution_type":1,"is_private":0,"screen_main":2,"img_opt":2,"is_hd":1},{"video_id":301139,"title":"大学城微胖界的优质女人 皮肤白嫩 容貌甜美 巨乳翘臀 关键还配合度高 技术也纯熟 谁来也爱呀 (1)","duration":3013,"video_viewed":1886,"resolution_type":1,"is_private":0,"screen_main":4,"img_opt":2,"is_hd":1}]},"list_new":{"total":271210,"per_page":12,"current_page":1,"last_page":22601,"data":[{"video_id":304889,"title":"在床上和继母乱伦时，继妹竟然在床下偷看，后来她爬上床，用嘴含住了我刚从妈妈逼里抽出来的鸡巴","duration":681,"video_viewed":0,"resolution_type":1,"is_private":0,"screen_main":1,"img_opt":2,"is_hd":1},{"video_id":305501,"title":"情趣台 看这火热程度 应该是偷情没跑 大哥一进来就忍不住了 少妇也是欣喜得很 不是正常夫妻表现 (2)","duration":3596,"video_viewed":15,"resolution_type":1,"is_private":0,"screen_main":4,"img_opt":2,"is_hd":1},{"video_id":305443,"title":"【极品反差婊】高颜值情侣酒店激情啪啪，吮吸奶子如婴儿吃奶，趴在床上高难度后入猛艹！","duration":729,"video_viewed":11,"resolution_type":1,"is_private":0,"screen_main":1,"img_opt":2,"is_hd":1},{"video_id":304446,"title":"已婚人妻曉麗背著老公偷情","duration":192,"video_viewed":6,"resolution_type":1,"is_private":0,"screen_main":5,"img_opt":2,"is_hd":1},{"video_id":305249,"title":"【极品反差婊】高颜值清纯眼镜小骚妹，疯狂吞食大鸡巴，口交技术一流，最后激情扣包，精液在口腔内转动！","duration":114,"video_viewed":2,"resolution_type":1,"is_private":0,"screen_main":1,"img_opt":2,"is_hd":1},{"video_id":305291,"title":"【人活着就是为了六花】推特反差傻白甜极品淫娃，爱群P的骚母狗，上下洞齐开多人运动(5) (1)","duration":188,"video_viewed":5,"resolution_type":1,"is_private":0,"screen_main":4,"img_opt":2,"is_hd":1},{"video_id":304620,"title":"台湾巨乳模特倪娜剧情新作美容店开张献超淫舌技答谢客人用紧实喉咙挤压肉棒玩深喉口爆吞精","duration":493,"video_viewed":3,"resolution_type":1,"is_private":0,"screen_main":4,"img_opt":2,"is_hd":1},{"video_id":305109,"title":"漂亮熟女人妻3P 三洞全开 深喉吃鸡 被两个黑祖宗超大鸡吧前后 同时骚逼 菊花双操 最后口爆吃精","duration":1101,"video_viewed":8,"resolution_type":1,"is_private":0,"screen_main":1,"img_opt":2,"is_hd":1},{"video_id":304786,"title":"[mccd]系列奶茶店里发现一个穿着包臀裙的网红脸骚货美女骚丁岔开腿扭屁股在男友身上蹭","duration":182,"video_viewed":7,"resolution_type":1,"is_private":0,"screen_main":4,"img_opt":2,"is_hd":1},{"video_id":305509,"title":"上帝视角1号房 两人还玩上情趣了 用丝袜把手都绑起来 女的有点漂亮 但感觉这女有点有骚啊","duration":2137,"video_viewed":46,"resolution_type":1,"is_private":0,"screen_main":1,"img_opt":2,"is_hd":1},{"video_id":305416,"title":"『莎弥拉』极品白虎萝莉门槛福利 JK制服假鸡巴紫薇，极品大长腿反差婊 开档丝袜诱惑拉满 穷人女神富人精盆","duration":308,"video_viewed":13,"resolution_type":1,"is_private":0,"screen_main":4,"img_opt":2,"is_hd":1},{"video_id":304502,"title":"性感网袜美腿大屌吸吮舔骚逼","duration":1715,"video_viewed":11,"resolution_type":1,"is_private":0,"screen_main":1,"img_opt":2,"is_hd":1}]},"list_ads_top":{"error":0,"content":[],"message":"请求成功"},"ENCRYPT":0,"OPEN_AD":1,"notice":{"error":0,"content":{"post_id":8,"title":"公告","content":"<style>\n  .popup {\n    margin: 0;\n    padding: 16px;\n    font-family: \"Segoe UI\", Tahoma, sans-serif;\n    color: #e0e0e0;\n    line-height: 1.6;\n    background: transparent;\n    box-shadow: none;\n    border-radius: 0;\n  }\n  .popup h2 {\n    margin: 0 0 8px;\n    font-size: 1.5rem;\n    padding-bottom: 4px;\n    border-bottom: 1px solid #3a3a3f;\n    text-align: left;\n  }\n  .popup h3 {\n    margin: 16px 0 6px;\n    font-size: 1.125rem;\n    color: #ffffff;\n    text-align: left;\n  }\n  .popup p {\n    margin: 6px 0;\n    text-align: left;\n  }\n  .popup ul {\n    list-style: none;\n    padding: 0;\n    margin: 6px 0;\n    text-align: left;\n  }\n  .popup ul li {\n    position: relative;\n    padding-left: 20px;\n    margin-bottom: 4px;\n  }\n  .popup ul li::before {\n    content: \"•\";\n    position: absolute;\n    left: 0;\n    color: #f47920;\n  }\n  .popup a {\n    color: #3498db;\n    text-decoration: none;\n    word-break: break-all;\n  }\n  .popup a:hover {\n    text-decoration: underline;\n  }\n  .popup .tip {\n    margin-top: 13px;\n    font-size: 0.875rem;\n    color: #aaaaaa;\n    border-top: 1px dashed #3a3a3f;\n    padding-top: 8px;\n    text-align: left;\n  }\n<\/style>\n\n<div class=\"popup\">\n  <h2>避免迷路<\/h2>\n  <p>建议截图当前公告<\/p>\n  \n  <h3>下载本站APP（零权限）<\/h3>\n  <p>\n   <a href=\"https:\/\/app.91rbapp.icu\/\" title=\"APP下载\" rel=\"nofollow\" target=\"_blank\">\n      点击前往APP下载页面\n    <\/a><br>\n     \n  <\/p>\n  \n  <h3>地址发布页<\/h3>\n  <p>\n   <a href=\"https:\/\/91rbdz.com\" target=\"_blank\">\n      https:\/\/91rbdz.com\n    <\/a><br>\n     <a href=\"https:\/\/91rb.link\" target=\"_blank\">\n      https:\/\/91rb.link\n    <\/a><br>\n    <a href=\"https:\/\/rbfabuye.com\" target=\"_blank\">\n      https:\/\/9rbfabuye.com\n    <\/a><br>\n     <a href=\"https:\/\/github.com\/91rbdz\/dizhi\" target=\"_blank\">\n      https:\/\/github.com\/91rbdz\/dizhi\n    <\/a><br>\n  <\/p>\n  \n  <h3>通过邮箱获取<\/h3>\n  <p>联系我们的官方邮箱，您将收到最新地址信息。<\/p>\n  <p>Email：\n    <a href=\"mailto:91rbdz@gmail.com\">91rbdz@gmail.com<\/a><\/p>\n    <p>广告招商： <a href=\"https:\/\/t.me\/maycoop\" target=\"_blank\">@maycoop<\/a><\/p>\n  \n  <p class=\"tip\">温馨提示：如果打不开网址，请更换网络环境再试。<\/p>\n<\/div>","status_id":1},"message":"请求成功"},"top_scroll_notice":{"error":0,"content":{"post_id":9,"title":"顶部滚动广告","content":"站点已全新改版，速度更快，欢迎体验。如不能播放请更换浏览器，或者更换网络。（根据站长经验，请勿相信视频里的广告，不要被骗。视频中出现的广告内容与91RB无关。视频里的所谓的\"约炮\"，\"赌博\"，\"卖药\"，\"裸聊\",广告99.99%是骗子，请大家擦亮眼睛！","status_id":0},"message":"请求成功"}}}